labelx,text
umum,Apa yang dimaksud dengan wisata halal?
umum,Apa definisi dari wisata halal?
umum,Bisakah Anda jelaskan apa itu wisata halal?
umum,Apa arti dari wisata halal?
umum,Wisata halal itu apa?
umum,Apa yang dimaksud dengan pariwisata halal?
umum,Apa yang disebut dengan wisata halal?
umum,Apa pengertian dari wisata halal?
umum,Bisakah Anda menjelaskan konsep wisata halal?
umum,Apa yang dimaksud dengan konsep wisata halal?
umum,Apa maksud dari wisata halal?
umum,Apa yang dimaksud dengan perjalanan halal?
umum,Apa yang dimaksud dengan tur halal?
umum,Apa yang dimaksud dengan destinasi wisata halal?
umum,Apa itu destinasi wisata halal?
umum,Apa yang dimaksud dengan tempat wisata halal?
umum,Bisakah Anda memberikan penjelasan tentang wisata halal?
umum,Apa yang Anda ketahui tentang wisata halal?
umum,Wisata halal itu seperti apa?
umum,Apa yang diartikan dengan wisata halal?
umum,Apa sebenarnya wisata halal itu?
umum,Apa yang disebut sebagai wisata halal?
umum,Apa yang dimaksud dengan industri wisata halal?
umum,Bagaimana Anda mendefinisikan wisata halal?
umum,Wisata halal itu apa sih?
umum,Bisakah Anda menjelaskan apa itu wisata halal?
umum,Apa yang dimaksud dengan layanan wisata halal?
umum,Apa yang dimaksud dengan sektor wisata halal?
umum,Apa yang dimaksud dengan kategori wisata halal?
umum,Bagaimana wisata halal diartikan?
umum,Apa yang dimaksud dengan wisata halal dalam konteks pariwisata?
umum,Apa yang disebut dengan perjalanan halal?
umum,Apa pengertian dari pariwisata halal?
umum,Bisakah Anda menjelaskan apa yang disebut wisata halal?
umum,Apa yang dimaksud dengan konsep perjalanan halal?
umum,Apa makna dari wisata halal?
umum,Apa yang dimaksud dengan liburan halal?
umum,Apa yang termasuk dalam definisi wisata halal?
umum,Bagaimana Anda menjelaskan wisata halal?
umum,Apa yang dimaksud dengan layanan halal dalam pariwisata?
umum,Apa yang dimaksud dengan turisme halal?
umum,Bisakah Anda menguraikan apa itu wisata halal?
umum,Apa yang dimaksud dengan halal vacation?
umum,Apa yang dimaksud dengan halal trip?
umum,Apa itu wisata ramah muslim?
umum,Apa yang dimaksud dengan pariwisata syariah?
umum,Apa yang disebut dengan liburan halal?
umum,Apa itu halal tourism?
umum,Apa yang dimaksud dengan kegiatan wisata halal?
umum,Apa yang dimaksud dengan destinasi wisata halal?
umum,Apa yang dimaksud dengan wisata halal?
umum,Apa definisi dari wisata halal?
umum,Bisakah Anda jelaskan apa itu wisata halal?
umum,Apa arti dari wisata halal?
umum,Wisata halal itu apa?
umum,Apa yang dimaksud dengan pariwisata halal?
umum,Apa yang disebut dengan wisata halal?
umum,Apa pengertian dari wisata halal?
umum,Bisakah Anda menjelaskan konsep wisata halal?
umum,Apa yang dimaksud dengan konsep wisata halal?
umum,Apa maksud dari wisata halal?
umum,Apa yang dimaksud dengan perjalanan halal?
umum,Apa yang dimaksud dengan tur halal?
umum,Apa yang dimaksud dengan destinasi wisata halal?
umum,Apa itu destinasi wisata halal?
umum,Apa yang dimaksud dengan tempat wisata halal?
umum,Bisakah Anda memberikan penjelasan tentang wisata halal?
umum,Apa yang Anda ketahui tentang wisata halal?
umum,Wisata halal itu seperti apa?
umum,Apa yang diartikan dengan wisata halal?
umum,Apa sebenarnya wisata halal itu?
umum,Apa yang disebut sebagai wisata halal?
umum,Apa yang dimaksud dengan industri wisata halal?
umum,Bagaimana Anda mendefinisikan wisata halal?
umum,Wisata halal itu apa sih?
umum,Bisakah Anda menjelaskan apa itu wisata halal?
umum,Apa yang dimaksud dengan layanan wisata halal?
umum,Apa yang dimaksud dengan sektor wisata halal?
umum,Apa yang dimaksud dengan kategori wisata halal?
umum,Bagaimana wisata halal diartikan?
umum,Apa yang dimaksud dengan wisata halal dalam konteks pariwisata?
umum,Apa yang disebut dengan perjalanan halal?
umum,Apa pengertian dari pariwisata halal?
umum,Bisakah Anda menjelaskan apa yang disebut wisata halal?
umum,Apa yang dimaksud dengan konsep perjalanan halal?
umum,Apa makna dari wisata halal?
umum,Apa yang dimaksud dengan liburan halal?
umum,Apa yang termasuk dalam definisi wisata halal?
umum,Bagaimana Anda menjelaskan wisata halal?
umum,Apa yang dimaksud dengan layanan halal dalam pariwisata?
umum,Apa yang dimaksud dengan turisme halal?
umum,Bisakah Anda menguraikan apa itu wisata halal?
umum,Apa yang dimaksud dengan halal vacation?
umum,Apa yang dimaksud dengan halal trip?
umum,Apa itu wisata ramah muslim?
umum,Apa yang dimaksud dengan pariwisata syariah?
umum,Apa yang disebut dengan liburan halal?
umum,Apa itu halal tourism?
umum,Apa yang dimaksud dengan kegiatan wisata halal?
umum,Apa yang dimaksud dengan destinasi wisata halal?
transportasi,Apa pilihan transportasi terbaik di sumatera barat?
transportasi,Apa saja opsi transportasi yang terbaik di Sumatera Barat?
transportasi,Bagaimana cara terbaik untuk berkeliling Sumatera Barat?
transportasi,Apa transportasi paling efisien di Sumatera Barat?
transportasi,Apa moda transportasi yang paling nyaman di Sumatera Barat?
transportasi,Apa saran transportasi terbaik untuk menjelajahi Sumatera Barat?
transportasi,Apa pilihan kendaraan yang paling direkomendasikan di Sumatera Barat?
transportasi,Bagaimana cara terbaik untuk bepergian di Sumatera Barat?
transportasi,Apa transportasi umum yang paling efektif di Sumatera Barat?
transportasi,Apa pilihan transportasi terbaik untuk turis di Sumatera Barat?
transportasi,Apa rekomendasi transportasi untuk perjalanan di Sumatera Barat?
transportasi,Apa jenis transportasi yang paling praktis di Sumatera Barat?
transportasi,Apa pilihan transportasi yang paling populer di Sumatera Barat?
transportasi,Bagaimana cara termudah untuk berkeliling Sumatera Barat?
transportasi,Apa kendaraan terbaik untuk bepergian di Sumatera Barat?
transportasi,Apa mode transportasi yang paling disarankan di Sumatera Barat?
transportasi,Apa cara terbaik untuk mencapai tempat-tempat wisata di Sumatera Barat?
transportasi,Apa transportasi paling nyaman untuk tur di Sumatera Barat?
transportasi,Apa transportasi yang paling hemat di Sumatera Barat?
transportasi,Bagaimana cara paling efektif untuk bepergian di Sumatera Barat?
transportasi,Apa pilihan angkutan yang terbaik di Sumatera Barat?
transportasi,Apa kendaraan umum yang paling andal di Sumatera Barat?
transportasi,Apa cara terbaik untuk bertransportasi di Sumatera Barat?
transportasi,Apa moda transportasi yang paling populer di kalangan turis di Sumatera Barat?
transportasi,Apa pilihan transportasi paling nyaman di Sumatera Barat?
transportasi,Apa cara tercepat untuk berkeliling Sumatera Barat?
transportasi,Apa pilihan transportasi yang paling ekonomis di Sumatera Barat?
transportasi,Apa jenis angkutan yang paling direkomendasikan di Sumatera Barat?
transportasi,Bagaimana cara terbaik untuk menjelajahi Sumatera Barat?
transportasi,Apa opsi transportasi yang paling nyaman di Sumatera Barat?
transportasi,Apa transportasi terbaik untuk berwisata di Sumatera Barat?
transportasi,Apa pilihan transportasi yang paling efisien di Sumatera Barat?
transportasi,Apa cara terbaik untuk berpergian di Sumatera Barat?
transportasi,Apa transportasi yang paling nyaman untuk perjalanan di Sumatera Barat?
transportasi,Apa moda transportasi terbaik untuk turis di Sumatera Barat?
transportasi,Apa pilihan angkutan umum terbaik di Sumatera Barat?
transportasi,Apa kendaraan terbaik untuk tur di Sumatera Barat?
transportasi,Apa mode transportasi yang paling nyaman di Sumatera Barat?
transportasi,Apa cara paling efektif untuk berkeliling Sumatera Barat?
transportasi,Apa transportasi paling populer di Sumatera Barat?
transportasi,Apa pilihan transportasi paling praktis di Sumatera Barat?
transportasi,Apa kendaraan umum yang paling nyaman di Sumatera Barat?
transportasi,Bagaimana cara paling mudah untuk berkeliling Sumatera Barat?
transportasi,Apa pilihan transportasi yang paling andal di Sumatera Barat?
transportasi,Apa moda transportasi paling efisien di Sumatera Barat?
transportasi,Apa opsi kendaraan terbaik untuk bepergian di Sumatera Barat?
transportasi,Apa cara paling nyaman untuk bepergian di Sumatera Barat?
transportasi,Apa rekomendasi transportasi umum di Sumatera Barat?
transportasi,Apa pilihan transportasi paling praktis untuk turis di Sumatera Barat?
transportasi,Bagaimana cara termudah untuk berwisata di Sumatera Barat?
transportasi,Bagaimana cara terbaik untuk berkeliling di Sumatera Barat?
transportasi,Rekomendasi jasa penyewaan mobil di Sumatera Barat?
transportasi,Apa saja moda transportasi umum di Sumatera Barat?
transportasi,Bagaimana cara menuju Sumatera Barat dari Jakarta?
transportasi,Rekomendasi aplikasi transportasi online di Sumatera Barat?
transportasi,Apa saja layanan taksi di Sumatera Barat?
transportasi,Bagaimana cara menuju objek wisata di Sumatera Barat?
transportasi,Rekomendasi jasa travel di Sumatera Barat?
transportasi,Apa saja layanan bus di Sumatera Barat?
transportasi,Bagaimana cara terbaik menuju bandara di Sumatera Barat?
transportasi,Rekomendasi tempat penyewaan sepeda motor di Sumatera Barat?
transportasi,Apa saja pilihan transportasi dari bandara ke kota di Sumatera Barat?
transportasi,Bagaimana cara menuju Sumatera Barat dengan kereta api?
transportasi,Rekomendasi jasa penyewaan sepeda di Sumatera Barat?
transportasi,Apa saja jalur angkot di Sumatera Barat?
transportasi,Bagaimana cara menuju Sumatera Barat dengan kapal laut?
transportasi,Rekomendasi layanan antar jemput bandara di Sumatera Barat?
transportasi,Apa saja pilihan transportasi ke tempat wisata di Sumatera Barat?
transportasi,Bagaimana cara menuju Sumatera Barat dengan bus?
transportasi,Rekomendasi tempat penyewaan mobil dengan supir di Sumatera Barat?
transportasi,Apa saja layanan transportasi antar kota di Sumatera Barat?
transportasi,Bagaimana cara menuju Sumatera Barat dengan pesawat?
transportasi,Rekomendasi jasa rental mobil harian di Sumatera Barat?
transportasi,Apa saja pilihan transportasi malam di Sumatera Barat?
transportasi,Bagaimana cara terbaik menuju tempat wisata di Sumatera Barat?
transportasi,Rekomendasi aplikasi pemesanan tiket di Sumatera Barat?
transportasi,Apa saja layanan transportasi wisata di Sumatera Barat?
transportasi,Bagaimana cara menuju Sumatera Barat dengan kendaraan pribadi?
transportasi,Rekomendasi tempat penyewaan perahu di Sumatera Barat?
transportasi,Apa saja pilihan transportasi murah di Sumatera Barat?
transportasi,Bagaimana cara menuju Sumatera Barat dari luar negeri?
transportasi,Rekomendasi layanan shuttle di Sumatera Barat?
transportasi,Apa saja pilihan transportasi air di Sumatera Barat?
transportasi,Bagaimana cara terbaik untuk transportasi dalam kota di Sumatera Barat?
transportasi,Rekomendasi tempat penyewaan mobil lepas kunci di Sumatera Barat?
transportasi,Apa saja layanan transportasi anak-anak di Sumatera Barat?
transportasi,Bagaimana cara menuju Sumatera Barat dengan bus malam?
transportasi,Rekomendasi tempat penyewaan mobil listrik di Sumatera Barat?
transportasi,Apa saja pilihan transportasi darat di Sumatera Barat?
transportasi,Bagaimana cara menuju Sumatera Barat dari Medan?
transportasi,Rekomendasi tempat penyewaan mobil keluarga di Sumatera Barat?
transportasi,Apa saja layanan transportasi untuk wisatawan di Sumatera Barat?
transportasi,Bagaimana cara menuju Sumatera Barat dengan travel?
transportasi,Rekomendasi layanan transportasi ramah lingkungan di Sumatera Barat?
transportasi,Apa saja pilihan transportasi cepat di Sumatera Barat?
transportasi,Bagaimana cara menuju Sumatera Barat dari Bandung?
transportasi,Rekomendasi tempat penyewaan bus wisata di Sumatera Barat?
transportasi,Apa saja layanan transportasi untuk turis di Sumatera Barat?
transportasi,Bagaimana cara menuju Sumatera Barat dari Bali?
transportasi,Rekomendasi layanan transportasi aman di Sumatera Barat?
rekomendasi,Apa saja tempat wisata halal yang direkomendasikan di Sumatera Barat?
rekomendasi,Bisakah Anda merekomendasikan destinasi wisata halal di Sumatera Barat?
rekomendasi,Tempat wisata halal apa yang harus dikunjungi di Sumatera Barat?
rekomendasi,Ada saran tempat wisata halal di Sumatera Barat?
rekomendasi,Apa tempat wisata terbaik untuk wisatawan muslim di Sumatera Barat?
rekomendasi,Rekomendasi tempat wisata halal di Sumatera Barat?
rekomendasi,Tempat apa yang menarik untuk dikunjungi bagi wisatawan muslim di Sumatera Barat?
rekomendasi,Ada rekomendasi wisata halal di Sumatera Barat?
rekomendasi,Destinasi wisata halal apa yang populer di Sumatera Barat?
rekomendasi,Mana saja tempat wisata halal di Sumatera Barat?
rekomendasi,Apa tempat wisata halal favorit di Sumatera Barat?
rekomendasi,Bisakah Anda menyarankan tempat wisata halal di Sumatera Barat?
rekomendasi,Tempat wisata halal yang bagus di Sumatera Barat apa saja?
rekomendasi,Apa saja destinasi wisata halal unggulan di Sumatera Barat?
rekomendasi,Ada rekomendasi tempat wisata halal di Sumatera Barat?
rekomendasi,Wisata halal di Sumatera Barat yang menarik apa saja?
rekomendasi,Tempat wisata halal yang wajib dikunjungi di Sumatera Barat?
rekomendasi,Rekomendasi tempat wisata halal di Sumatera Barat untuk keluarga?
rekomendasi,Apa tempat wisata halal terpopuler di Sumatera Barat?
rekomendasi,Destinasi wisata halal apa yang terkenal di Sumatera Barat?
rekomendasi,Apa saja spot wisata halal di Sumatera Barat?
rekomendasi,Saran tempat wisata halal di Sumatera Barat?
rekomendasi,Apa destinasi wisata halal favorit di Sumatera Barat?
rekomendasi,Tempat wisata halal yang direkomendasikan di Sumatera Barat?
rekomendasi,Apa saja pilihan tempat wisata halal di Sumatera Barat?
rekomendasi,Wisata halal di Sumatera Barat yang direkomendasikan?
rekomendasi,Ada tempat wisata halal yang menarik di Sumatera Barat?
rekomendasi,Apa tempat wisata halal terbaik di Sumatera Barat?
rekomendasi,Destinasi wisata halal mana yang harus dikunjungi di Sumatera Barat?
rekomendasi,Apa saja destinasi halal di Sumatera Barat?
rekomendasi,Saran tempat wisata halal di Sumatera Barat?
rekomendasi,Tempat wisata halal favorit di Sumatera Barat apa saja?
rekomendasi,Apa saja tempat wisata halal di Sumatera Barat yang direkomendasikan?
rekomendasi,Bisakah Anda memberikan rekomendasi wisata halal di Sumatera Barat?
rekomendasi,Wisata halal apa yang menarik di Sumatera Barat?
rekomendasi,Apa saja tempat wisata halal di Sumatera Barat yang terkenal?
rekomendasi,Rekomendasi destinasi wisata halal di Sumatera Barat?
rekomendasi,Apa saja tempat wisata halal di Sumatera Barat yang harus dikunjungi?
rekomendasi,Apa destinasi halal terbaik di Sumatera Barat?
rekomendasi,Tempat wisata halal apa yang menarik di Sumatera Barat?
rekomendasi,Apa saja tempat wisata halal di Sumatera Barat yang bagus?
rekomendasi,Rekomendasi tempat wisata halal untuk keluarga di Sumatera Barat?
rekomendasi,Apa destinasi wisata halal terpopuler di Sumatera Barat?
rekomendasi,Tempat wisata halal mana yang direkomendasikan di Sumatera Barat?
rekomendasi,Destinasi wisata halal apa yang disarankan di Sumatera Barat?
rekomendasi,Apa saja tempat wisata halal favorit di Sumatera Barat?
rekomendasi,Tempat wisata halal apa yang menarik untuk dikunjungi di Sumatera Barat?
rekomendasi,Ada rekomendasi tempat wisata halal yang bagus di Sumatera Barat?
rekomendasi,Destinasi halal apa yang harus dikunjungi di Sumatera Barat?
rekomendasi,Apa saja spot wisata halal favorit di Sumatera Barat?
rekomendasi,Apa rekomendasi tempat wisata halal di Sumatera Barat?
rekomendasi,Bisa beri saya rekomendasi destinasi halal di Sumatera Barat?
rekomendasi,Tempat wisata halal apa yang populer di Sumatera Barat?
rekomendasi,Adakah tempat wisata halal yang wajib dikunjungi di Sumatera Barat?
rekomendasi,Tempat wisata halal mana yang bagus di Sumatera Barat?
rekomendasi,Bisa sarankan destinasi wisata halal di Sumatera Barat?
rekomendasi,Apa saja tempat wisata halal yang ada di Sumatera Barat?
rekomendasi,Ada saran tempat wisata halal di Sumatera Barat?
rekomendasi,Tempat wisata halal yang menarik di Sumatera Barat apa saja?
rekomendasi,Dimana saya bisa menemukan tempat wisata halal di Sumatera Barat?
rekomendasi,Wisata halal di Sumatera Barat yang direkomendasikan apa saja?
rekomendasi,Tolong beri tahu saya tempat wisata halal di Sumatera Barat.
rekomendasi,Apa tempat wisata halal terbaik di Sumatera Barat?
rekomendasi,Dimana saja tempat wisata halal favorit di Sumatera Barat?
rekomendasi,Bisa rekomendasikan beberapa tempat wisata halal di Sumatera Barat?
rekomendasi,Tempat wisata halal apa yang harus saya kunjungi di Sumatera Barat?
rekomendasi,Adakah rekomendasi tempat wisata halal di Sumatera Barat?
rekomendasi,Mana saja tempat wisata halal yang bagus di Sumatera Barat?
rekomendasi,Bisa beri saya daftar tempat wisata halal di Sumatera Barat?
rekomendasi,Apa saja tempat wisata halal yang direkomendasikan di Sumatera Barat?
rekomendasi,Dimana tempat wisata halal yang bagus di Sumatera Barat?
rekomendasi,Tempat wisata halal terbaik di Sumatera Barat apa saja?
rekomendasi,Tolong rekomendasikan tempat wisata halal di Sumatera Barat.
rekomendasi,Tempat wisata halal apa yang menarik di Sumatera Barat?
rekomendasi,Adakah tempat wisata halal yang terkenal di Sumatera Barat?
rekomendasi,Tempat wisata halal mana yang paling direkomendasikan di Sumatera Barat?
rekomendasi,Wisata halal yang terkenal di Sumatera Barat apa saja?
rekomendasi,Dimana saya bisa menemukan wisata halal di Sumatera Barat?
rekomendasi,Tempat wisata halal terbaik di Sumatera Barat yang direkomendasikan apa saja?
rekomendasi,Bisa beri saya informasi tentang tempat wisata halal di Sumatera Barat?
rekomendasi,Apa saja destinasi wisata halal di Sumatera Barat?
rekomendasi,Tempat wisata halal apa yang paling populer di Sumatera Barat?
rekomendasi,Ada rekomendasi tempat wisata halal di Sumatera Barat?
rekomendasi,Apa saja pilihan tempat wisata halal di Sumatera Barat?
rekomendasi,Wisata halal yang direkomendasikan di Sumatera Barat apa saja?
rekomendasi,Dimana saya bisa menemukan destinasi wisata halal di Sumatera Barat?
rekomendasi,Tempat wisata halal yang wajib dikunjungi di Sumatera Barat apa saja?
rekomendasi,Bisa beri tahu saya tempat wisata halal di Sumatera Barat?
rekomendasi,Apa saja tempat wisata halal yang wajib saya kunjungi di Sumatera Barat?
rekomendasi,Tempat wisata halal yang menarik di Sumatera Barat ada di mana saja?
rekomendasi,Tempat wisata halal mana yang paling bagus di Sumatera Barat?
rekomendasi,Destinasi wisata halal mana yang direkomendasikan di Sumatera Barat?
rekomendasi,Dimana saya bisa menemukan objek wisata halal di Sumatera Barat?
rekomendasi,Adakah atraksi wisata halal di Sumatera Barat?
rekomendasi,Apa atraksi wisata halal terbaik di Sumatera Barat?
rekomendasi,Bisa sarankan atraksi wisata halal di Sumatera Barat?
rekomendasi,Apa saja atraksi wisata halal yang ada di Sumatera Barat?
rekomendasi,Ada saran atraksi wisata halal di Sumatera Barat?
rekomendasi,Atraksi wisata halal yang menarik di Sumatera Barat apa saja?
rekomendasi,Dimana saya bisa menemukan atraksi wisata halal di Sumatera Barat?
kuliner,Apa saja makanan halal khas Sumatera Barat yang direkomendasikan?
kuliner,Bisakah Anda merekomendasikan tempat makan halal di Sumatera Barat?
kuliner,Makanan halal apa yang terkenal di Sumatera Barat?
kuliner,Ada saran kuliner halal di Sumatera Barat?
kuliner,Tempat makan halal mana yang harus dicoba di Sumatera Barat?
kuliner,Rekomendasi makanan halal di Sumatera Barat?
kuliner,Tempat makan halal apa yang menarik di Sumatera Barat?
kuliner,Ada rekomendasi restoran halal di Sumatera Barat?
kuliner,Kuliner halal apa yang wajib dicoba di Sumatera Barat?
kuliner,Mana saja tempat makan halal di Sumatera Barat?
kuliner,Apa restoran halal favorit di Sumatera Barat?
kuliner,Bisakah Anda menyarankan tempat makan halal di Sumatera Barat?
kuliner,Tempat makan halal yang enak di Sumatera Barat apa saja?
kuliner,Apa saja restoran halal unggulan di Sumatera Barat?
kuliner,Ada rekomendasi kuliner halal di Sumatera Barat?
kuliner,Kuliner halal di Sumatera Barat yang terkenal apa saja?
kuliner,Tempat makan halal yang wajib dicoba di Sumatera Barat?
kuliner,Rekomendasi restoran halal di Sumatera Barat untuk keluarga?
kuliner,Apa makanan halal terpopuler di Sumatera Barat?
kuliner,Restoran halal apa yang terkenal di Sumatera Barat?
kuliner,Apa saja makanan halal khas Sumatera Barat?
kuliner,Saran tempat makan halal di Sumatera Barat?
kuliner,Apa kuliner halal favorit di Sumatera Barat?
kuliner,Restoran halal yang direkomendasikan di Sumatera Barat?
kuliner,Apa saja pilihan makanan halal di Sumatera Barat?
kuliner,Kuliner halal di Sumatera Barat yang direkomendasikan?
kuliner,Ada tempat makan halal yang enak di Sumatera Barat?
kuliner,Apa makanan halal terbaik di Sumatera Barat?
kuliner,Restoran halal mana yang harus dikunjungi di Sumatera Barat?
kuliner,Apa saja makanan halal di Sumatera Barat?
kuliner,Saran tempat makan halal di Sumatera Barat?
kuliner,Restoran halal favorit di Sumatera Barat apa saja?
kuliner,Apa saja tempat makan halal di Sumatera Barat yang direkomendasikan?
kuliner,Bisakah Anda memberikan rekomendasi kuliner halal di Sumatera Barat?
kuliner,Makanan halal apa yang enak di Sumatera Barat?
kuliner,Apa saja tempat makan halal di Sumatera Barat yang terkenal?
kuliner,Rekomendasi restoran halal di Sumatera Barat?
kuliner,Apa saja tempat makan halal di Sumatera Barat yang harus dicoba?
kuliner,Apa kuliner halal terbaik di Sumatera Barat?
kuliner,Tempat makan halal apa yang enak di Sumatera Barat?
kuliner,Apa saja makanan halal di Sumatera Barat yang terkenal?
kuliner,Rekomendasi restoran halal untuk keluarga di Sumatera Barat?
kuliner,Apa kuliner halal terpopuler di Sumatera Barat?
kuliner,Restoran halal mana yang direkomendasikan di Sumatera Barat?
kuliner,Kuliner halal apa yang disarankan di Sumatera Barat?
kuliner,Apa saja tempat makan halal favorit di Sumatera Barat?
kuliner,Tempat makan halal apa yang enak untuk dikunjungi di Sumatera Barat?
kuliner,Ada rekomendasi restoran halal yang bagus di Sumatera Barat?
kuliner,Kuliner halal apa yang harus dicoba di Sumatera Barat?
kuliner,Apa saja makanan halal favorit di Sumatera Barat?
kuliner,Apa makanan khas Sumatera Barat yang terkenal?
kuliner,Rekomendasi restoran halal di Sumatera Barat?
kuliner,Tempat makan enak di Sumatera Barat apa saja?
kuliner,Makanan tradisional Sumatera Barat apa saja?
kuliner,Dimana saya bisa mencoba rendang asli di Sumatera Barat?
kuliner,Apa saja kuliner jalanan yang terkenal di Sumatera Barat?
kuliner,Rekomendasi warung makan murah di Sumatera Barat?
kuliner,Tempat kuliner halal terbaik di Sumatera Barat?
kuliner,Apa makanan penutup khas Sumatera Barat?
kuliner,Dimana tempat makan seafood yang enak di Sumatera Barat?
kuliner,Apa saja makanan ringan khas Sumatera Barat?
kuliner,Rekomendasi kafe dengan pemandangan bagus di Sumatera Barat?
kuliner,Apa saja jajanan pasar khas Sumatera Barat?
kuliner,Dimana saya bisa menemukan sate padang yang enak?
kuliner,Apa saja minuman khas Sumatera Barat?
kuliner,Rekomendasi tempat sarapan di Sumatera Barat?
kuliner,Apa saja restoran dengan masakan Padang terbaik?
kuliner,Tempat makan siang yang enak di Sumatera Barat?
kuliner,Dimana saya bisa mencoba makanan tradisional Sumatera Barat?
kuliner,Rekomendasi tempat makan malam romantis di Sumatera Barat?
kuliner,Apa saja makanan khas Sumatera Barat yang halal?
kuliner,Dimana tempat makan keluarga di Sumatera Barat?
kuliner,Apa saja makanan pedas khas Sumatera Barat?
kuliner,Rekomendasi tempat makan vegetarian di Sumatera Barat?
kuliner,Apa saja hidangan penutup khas Sumatera Barat?
kuliner,Tempat makan dengan live music di Sumatera Barat?
kuliner,Apa saja makanan yang wajib dicoba di Sumatera Barat?
kuliner,Rekomendasi tempat makan lesehan di Sumatera Barat?
kuliner,Apa saja makanan yang cocok untuk oleh-oleh dari Sumatera Barat?
kuliner,Dimana tempat makan ala western di Sumatera Barat?
kuliner,Apa saja camilan khas Sumatera Barat?
kuliner,Rekomendasi tempat makan dengan harga terjangkau di Sumatera Barat?
kuliner,Dimana tempat makan dengan pemandangan alam di Sumatera Barat?
kuliner,Apa saja makanan khas Sumatera Barat yang terkenal di luar negeri?
kuliner,Rekomendasi tempat makan dengan suasana tradisional di Sumatera Barat?
kuliner,Apa saja makanan khas Sumatera Barat yang bisa dibawa pulang?
kuliner,Dimana tempat makan 24 jam di Sumatera Barat?
kuliner,Apa saja makanan khas Sumatera Barat yang menggunakan santan?
kuliner,Rekomendasi tempat makan dengan menu vegetarian di Sumatera Barat?
kuliner,Apa saja makanan khas Sumatera Barat yang tidak pedas?
kuliner,Dimana tempat makan steak yang enak di Sumatera Barat?
kuliner,Apa saja makanan khas Sumatera Barat yang berbahan dasar ikan?
kuliner,Rekomendasi tempat makan dengan menu seafood di Sumatera Barat?
kuliner,Apa saja makanan khas Sumatera Barat yang manis?
kuliner,Dimana tempat makan dengan menu khas Sumatera Barat?
kuliner,Apa saja makanan khas Sumatera Barat yang cocok untuk diet?
kuliner,Rekomendasi tempat makan dengan menu sehat di Sumatera Barat?
kuliner,Apa saja makanan khas Sumatera Barat yang cocok untuk anak-anak?
kuliner,Dimana tempat makan dengan menu internasional di Sumatera Barat?
kuliner,Apa saja makanan khas Sumatera Barat yang terkenal di mancanegara?
akomodasi,Dimana saya bisa menemukan homestay yang ramah Muslim di Sumatera Barat?
akomodasi,Apakah Anda tahu cara menemukan homestay yang mengakomodasi kebutuhan Muslim di Sumatera Barat?
akomodasi,Di mana saya bisa mencari homestay yang sesuai dengan prinsip-prinsip Muslim di Sumatera Barat?
akomodasi,Bagaimana cara menemukan homestay yang ramah Muslim di wilayah Sumatera Barat?
akomodasi,Bisa beri tahu saya tempat-tempat homestay yang mengikuti aturan Muslim di Sumatera Barat?
akomodasi,Apakah ada saran untuk homestay yang menghormati kepercayaan Muslim di Sumatera Barat?
akomodasi,Dimana saya bisa menemukan homestay yang mempertimbangkan kebutuhan Muslim di Sumatera Barat?
akomodasi,Bagaimana cara mencari homestay yang cocok dengan praktik Muslim di Sumatera Barat?
akomodasi,Apakah ada informasi tentang homestay yang mengerti kebutuhan Muslim di Sumatera Barat?
akomodasi,Tolong beri tahu saya cara menemukan homestay yang ramah Muslim di daerah Sumatera Barat.
akomodasi,Dimana tempat-tempat homestay yang memfasilitasi kebutuhan Muslim di Sumatera Barat?
akomodasi,Bagaimana saya bisa menemukan homestay yang memahami kepercayaan agama Muslim di Sumatera Barat?
akomodasi,Apakah Anda bisa memberi petunjuk tentang homestay yang menghargai tradisi Muslim di Sumatera Barat?
akomodasi,Tolong sarankan saya cara menemukan homestay yang ramah Muslim di Sumatera Barat.
akomodasi,Dimana saya bisa menemukan homestay yang mengikuti prinsip-prinsip Islam di Sumatera Barat?
akomodasi,Bagaimana cara mencari homestay yang mengakui kebutuhan Muslim di Sumatera Barat?
akomodasi,Bisa beri tahu saya rekomendasi untuk homestay yang bersahabat dengan budaya Muslim di Sumatera Barat?
akomodasi,Dimana saya bisa menemukan homestay yang menghormati kepercayaan dan tradisi Muslim di Sumatera Barat?
akomodasi,Bagaimana cara menemukan homestay yang sensitif terhadap kebutuhan Muslim di Sumatera Barat?
akomodasi,Apakah Anda tahu tempat-tempat homestay yang cocok dengan prinsip-prinsip Islam di Sumatera Barat?
akomodasi,Tolong beri tahu saya cara menemukan homestay yang sesuai dengan keyakinan Muslim di Sumatera Barat.
akomodasi,Dimana saya bisa menemukan homestay yang mengakomodasi kebutuhan Muslim di wilayah Sumatera Barat?
akomodasi,Bagaimana cara menemukan homestay yang memperhatikan kebutuhan agama Islam di Sumatera Barat?
akomodasi,Bisa beri tahu saya cara mencari homestay yang menghormati kepercayaan Muslim di Sumatera Barat?
akomodasi,Dimana tempat-tempat homestay yang ramah Muslim bisa saya temukan di Sumatera Barat?
akomodasi,Apakah ada saran untuk homestay yang mengikuti ajaran Islam di Sumatera Barat?
akomodasi,Bagaimana saya bisa menemukan homestay yang memahami kebutuhan Muslim di Sumatera Barat?
akomodasi,Apakah ada informasi tentang homestay yang cocok dengan praktik Islam di Sumatera Barat?
akomodasi,Tolong beri tahu saya cara menemukan homestay yang mendukung tradisi Muslim di Sumatera Barat.
akomodasi,Dimana saya bisa menemukan homestay yang menghargai nilai-nilai agama Muslim di Sumatera Barat?
akomodasi,Bagaimana cara mencari homestay yang mengakui kepercayaan dan budaya Muslim di Sumatera Barat?
akomodasi,Bisa beri tahu saya rekomendasi untuk homestay yang ramah terhadap kebutuhan Muslim di Sumatera Barat?
akomodasi,Dimana saya bisa menemukan homestay yang sesuai dengan ajaran Islam di Sumatera Barat?
akomodasi,Bagaimana cara menemukan homestay yang sensitif terhadap kebutuhan Muslim di Sumatera Barat?
akomodasi,Apakah Anda tahu tempat-tempat homestay yang cocok dengan prinsip-prinsip keagamaan di Sumatera Barat?
akomodasi,Tolong beri tahu saya cara menemukan homestay yang sesuai dengan kepercayaan Muslim di Sumatera Barat.
akomodasi,Dimana saya bisa menemukan homestay yang menghormati adat istiadat Muslim di Sumatera Barat?
akomodasi,Bagaimana cara mencari homestay yang ramah terhadap umat Muslim di Sumatera Barat?
akomodasi,Bisa beri tahu saya informasi tentang homestay yang mempertimbangkan kebutuhan agama Islam di Sumatera Barat?
akomodasi,Dimana saya bisa menemukan homestay yang menghargai prinsip-prinsip Islam di Sumatera Barat?
akomodasi,Apakah ada saran untuk homestay yang menyediakan fasilitas sesuai dengan kebutuhan Muslim di Sumatera Barat?
akomodasi,Dimana saya bisa menemukan guesthouse yang mengakomodasi kebutuhan Muslim di Sumatera Barat?
akomodasi,Bagaimana cara menemukan tempat tinggal sementara yang memperhatikan kebutuhan agama Islam di Sumatera Barat?
akomodasi,Bisa beri tahu saya cara mencari tempat penginapan yang menghormati kepercayaan Muslim di Sumatera Barat?
akomodasi,Dimana tempat-tempat guesthouse yang ramah Muslim bisa saya temukan di Sumatera Barat?
akomodasi,Apakah ada saran untuk guesthouse yang mengikuti ajaran Islam di Sumatera Barat?
akomodasi,Bagaimana saya bisa menemukan tempat tinggal sementara yang memahami kebutuhan Muslim di Sumatera Barat?
akomodasi,Apakah ada informasi tentang guesthouse yang cocok dengan praktik Islam di Sumatera Barat?
akomodasi,Tolong beri tahu saya cara menemukan penginapan yang mendukung tradisi Muslim di Sumatera Barat.
akomodasi,Dimana saya bisa menemukan guesthouse yang menghargai nilai-nilai agama Muslim di Sumatera Barat?
akomodasi,Bagaimana cara mencari guesthouse yang ramah terhadap umat Muslim di Sumatera Barat?
akomodasi,Bisa beri tahu saya informasi tentang guesthouse yang mempertimbangkan kebutuhan agama Islam di Sumatera Barat?
akomodasi,Dimana saya bisa menemukan guesthouse yang menghargai prinsip-prinsip Islam di Sumatera Barat?
akomodasi,Apakah ada saran untuk guesthouse yang menyediakan fasilitas sesuai dengan kebutuhan Muslim di Sumatera Barat?
akomodasi,Dimana saya bisa menemukan guesthouse yang mengakomodasi kebutuhan Muslim di Sumatera Barat?
akomodasi,Apa saja penginapan dengan pemandangan indah di Sumatera Barat?
akomodasi,Dimana saya bisa menemukan guest house di Sumatera Barat?
akomodasi,Rekomendasi homestay di Sumatera Barat?
akomodasi,Apa saja penginapan backpacker di Sumatera Barat?
akomodasi,Hotel dengan fasilitas lengkap di Sumatera Barat?
akomodasi,Rekomendasi penginapan dekat pantai di Sumatera Barat?
akomodasi,Apa saja hotel dengan kolam renang di Sumatera Barat?
akomodasi,Dimana saya bisa menemukan resort mewah di Sumatera Barat?
akomodasi,Rekomendasi tempat menginap yang unik di Sumatera Barat?
akomodasi,Apa saja penginapan ramah anak di Sumatera Barat?
akomodasi,Hotel dengan akses mudah ke objek wisata di Sumatera Barat?
akomodasi,Rekomendasi penginapan untuk bulan madu di Sumatera Barat?
akomodasi,Apa saja penginapan dengan harga terjangkau di Sumatera Barat?
akomodasi,Dimana saya bisa menemukan apartemen sewa di Sumatera Barat?
akomodasi,Rekomendasi tempat menginap di pusat kota Sumatera Barat?
akomodasi,Apa saja hotel dengan layanan terbaik di Sumatera Barat?
akomodasi,Dimana saya bisa menemukan penginapan dekat bandara di Sumatera Barat?
akomodasi,Rekomendasi penginapan eco-friendly di Sumatera Barat?
akomodasi,Apa saja penginapan dengan nuansa tradisional di Sumatera Barat?
akomodasi,Hotel dengan restoran terbaik di Sumatera Barat?
akomodasi,Rekomendasi penginapan dengan fasilitas spa di Sumatera Barat?
akomodasi,Apa saja penginapan dengan pemandangan gunung di Sumatera Barat?
akomodasi,Dimana saya bisa menemukan camping ground di Sumatera Barat?
akomodasi,Rekomendasi hotel butik di Sumatera Barat?
akomodasi,Apa saja penginapan yang cocok untuk acara bisnis di Sumatera Barat?
akomodasi,Dimana saya bisa menemukan penginapan dengan fasilitas olahraga di Sumatera Barat?
akomodasi,Rekomendasi penginapan dengan harga promo di Sumatera Barat?
akomodasi,Apa saja penginapan yang menyediakan sarapan gratis di Sumatera Barat?
akomodasi,Dimana saya bisa menemukan penginapan yang dekat dengan tempat wisata di Sumatera Barat?
akomodasi,Rekomendasi penginapan dengan layanan shuttle di Sumatera Barat?
akomodasi,Apa saja penginapan yang cocok untuk keluarga di Sumatera Barat?
akomodasi,Dimana saya bisa menemukan penginapan dengan akses Wi-Fi gratis di Sumatera Barat?
akomodasi,Rekomendasi penginapan dengan layanan kamar 24 jam di Sumatera Barat?
akomodasi,Apa saja penginapan yang menyediakan fasilitas untuk difabel di Sumatera Barat?
akomodasi,Dimana saya bisa menemukan penginapan dengan parkir gratis di Sumatera Barat?
akomodasi,Rekomendasi penginapan dengan kolam renang indoor di Sumatera Barat?
akomodasi,Apa saja penginapan yang dekat dengan pusat perbelanjaan di Sumatera Barat?
akomodasi,Dimana saya bisa menemukan penginapan dengan fasilitas BBQ di Sumatera Barat?
akomodasi,Rekomendasi penginapan dengan taman yang indah di Sumatera Barat?
akomodasi,Apa saja penginapan yang dekat dengan pantai di Sumatera Barat?
akomodasi,Dimana saya bisa menemukan penginapan dengan pemandangan danau di Sumatera Barat?
akomodasi,Rekomendasi penginapan dengan layanan antar-jemput di Sumatera Barat?
akomodasi,Apa saja penginapan dengan fasilitas konferensi di Sumatera Barat?
akomodasi,Dimana saya bisa menemukan penginapan dengan layanan penyewaan sepeda di Sumatera Barat?
akomodasi,Rekomendasi penginapan dengan layanan concierge di Sumatera Barat?
budaya,Apa saja budaya dan adat istiadat di Sumatera Barat?
budaya,Berapa banyak budaya dan adat istiadat yang terdapat di Sumatera Barat?
budaya,Bagaimana cara masyarakat Sumatera Barat merayakan peristiwa adat?
budaya,Apa saja aspek budaya yang unik di Sumatera Barat?
budaya,Bagaimana budaya dan adat istiadat mempengaruhi kehidupan sehari-hari penduduk Sumatera Barat?
budaya,Apa yang membuat Sumatera Barat terkenal akan keanekaragaman budayanya?
budaya,Bagaimana tradisi leluhur diwariskan dari satu generasi ke generasi berikutnya di Sumatera Barat?
budaya,Apakah budaya Sumatera Barat memiliki pengaruh yang signifikan terhadap budaya nasional?
budaya,Bagaimana perayaan adat di Sumatera Barat dipersiapkan?
budaya,Apa yang membuat seni dan kerajinan tradisional Sumatera Barat begitu istimewa?
budaya,Bagaimana nilai-nilai kearifan lokal tercermin dalam budaya dan adat istiadat Sumatera Barat?
budaya,Apa yang menjadi ciri khas tarian tradisional di Sumatera Barat?
budaya,Bagaimana generasi muda di Sumatera Barat memelihara warisan budaya mereka?
budaya,Apa yang menjadi daya tarik utama festival budaya di Sumatera Barat?
budaya,Bagaimana masyarakat Sumatera Barat merayakan pernikahan tradisional?
budaya,Apakah ada ritual khusus yang berkaitan dengan musim panen di Sumatera Barat?
budaya,Bagaimana perayaan ulang tahun diadakan dalam budaya Sumatera Barat?
budaya,Apakah ada cerita rakyat yang populer di kalangan masyarakat Sumatera Barat?
budaya,Bagaimana cara masyarakat Sumatera Barat merayakan festival musik dan seni?
budaya,Apakah ada perbedaan budaya antara daerah perkotaan dan pedesaan di Sumatera Barat?
budaya,Bagaimana tradisi keagamaan dihormati dalam budaya Sumatera Barat?
budaya,Apa yang membuat seni pertunjukan tradisional di Sumatera Barat begitu menarik?
budaya,Bagaimana kesenian rakyat membantu memperkuat jalinan sosial di Sumatera Barat?
budaya,Apakah ada makanan khas yang melekat pada budaya Sumatera Barat?
budaya,Bagaimana peran adat istiadat dalam kehidupan sehari-hari masyarakat Sumatera Barat?
budaya,Apakah ada upacara kematian yang unik di Sumatera Barat?
budaya,Bagaimana hubungan antara alam dan budaya Sumatera Barat?
budaya,Apakah ada nilai-nilai tertentu yang dijunjung tinggi dalam budaya Sumatera Barat?
budaya,Bagaimana tradisi musik tradisional diwariskan dari generasi ke generasi di Sumatera Barat?
budaya,Apakah ada upacara penyambutan yang khusus di Sumatera Barat?
budaya,Bagaimana cerita rakyat membantu memperkuat identitas budaya Sumatera Barat?
budaya,Apakah ada bahasa daerah yang digunakan dalam kehidupan sehari-hari di Sumatera Barat?
budaya,Bagaimana peran adat istiadat dalam menjaga keharmonisan masyarakat Sumatera Barat?
budaya,Apakah ada festival budaya yang menjadi pusat perhatian di Sumatera Barat?
budaya,Bagaimana tradisi menjamu tamu dihormati dalam budaya Sumatera Barat?
budaya,Apakah ada filosofi tertentu yang menjadi dasar budaya Sumatera Barat?
budaya,Bagaimana cara perayaan hari besar nasional dirayakan di Sumatera Barat?
budaya,Apakah ada nilai-nilai moral yang diajarkan melalui cerita rakyat di Sumatera Barat?
budaya,Bagaimana peran tokoh adat dalam menjaga tradisi dan budaya Sumatera Barat?
budaya,Apakah ada ritual tertentu yang dilakukan saat musim panas tiba di Sumatera Barat?
budaya,Bagaimana masyarakat Sumatera Barat merayakan peristiwa penting dalam kehidupan mereka?
budaya,Apa yang menjadi ciri khas pakaian adat di Sumatera Barat?
budaya,Bagaimana tradisi pembuatan kerajinan tangan tradisional di Sumatera Barat dipelihara?
budaya,Apakah ada praktek pengobatan tradisional yang masih dipraktikkan di Sumatera Barat?
budaya,Bagaimana cara masyarakat Sumatera Barat merayakan musim liburan?
budaya,Apakah ada perayaan khusus yang dilakukan saat terjadi peristiwa penting di Sumatera Barat?
budaya,Bagaimana hubungan antara budaya Sumatera Barat dengan lingkungan sekitarnya?
budaya,Apakah ada lagu-lagu daerah yang sering dinyanyikan dalam kegiatan kebudayaan di Sumatera Barat?
budaya,Bagaimana tradisi budaya di Sumatera Barat dirayakan?
budaya,Apakah ada budaya rakyat yang menjadi favorit di Sumatera Barat?
budaya,Apa saja acara budaya yang terkenal di Sumatera Barat?
budaya,Rekomendasi tempat untuk menikmati tarian tradisional di Sumatera Barat?
budaya,Apa saja festival budaya yang ada di Sumatera Barat?
budaya,Dimana saya bisa belajar tentang adat Minangkabau di Sumatera Barat?
budaya,Apa saja upacara adat yang bisa disaksikan di Sumatera Barat?
budaya,Rekomendasi tempat untuk melihat rumah gadang di Sumatera Barat?
budaya,Apa saja kegiatan budaya yang bisa diikuti di Sumatera Barat?
budaya,Dimana saya bisa menemukan pusat kerajinan tangan di Sumatera Barat?
budaya,Apa saja makanan tradisional yang bisa dicoba di Sumatera Barat?
budaya,Rekomendasi tempat untuk membeli oleh-oleh khas Sumatera Barat?
budaya,Apa saja seni pertunjukan yang terkenal di Sumatera Barat?
budaya,Dimana saya bisa belajar memasak masakan tradisional Sumatera Barat?
budaya,Apa saja tempat untuk belajar bahasa Minangkabau di Sumatera Barat?
budaya,Rekomendasi tempat untuk melihat seni ukir khas Sumatera Barat?
budaya,Apa saja kegiatan budaya untuk anak-anak di Sumatera Barat?
budaya,Dimana saya bisa belajar tentang sejarah Sumatera Barat?
budaya,Apa saja museum budaya yang ada di Sumatera Barat?
budaya,Rekomendasi tempat untuk melihat batik Minangkabau di Sumatera Barat?
budaya,Apa saja karya seni khas Sumatera Barat yang bisa dibeli sebagai suvenir?
budaya,Dimana saya bisa belajar tentang musik tradisional Sumatera Barat?
budaya,Apa saja pusat budaya yang bisa dikunjungi di Sumatera Barat?
budaya,Rekomendasi tempat untuk melihat pertunjukan wayang di Sumatera Barat?
budaya,Apa saja tempat untuk melihat seni lukis khas Sumatera Barat?
budaya,Dimana saya bisa menemukan galeri seni di Sumatera Barat?
budaya,Apa saja aktivitas budaya yang bisa diikuti wisatawan di Sumatera Barat?
budaya,Rekomendasi tempat untuk belajar menari tarian tradisional di Sumatera Barat?
budaya,Apa saja tempat untuk melihat pertunjukan seni di Sumatera Barat?
budaya,Dimana saya bisa belajar tentang pakaian adat Sumatera Barat?
budaya,Apa saja kegiatan yang bisa dilakukan di desa budaya di Sumatera Barat?
budaya,Rekomendasi tempat untuk melihat pertunjukan musik tradisional di Sumatera Barat?
budaya,Apa saja tempat untuk belajar tentang seni patung di Sumatera Barat?
budaya,Dimana saya bisa menemukan sanggar seni di Sumatera Barat?
budaya,Apa saja kegiatan budaya yang bisa dilakukan di Sumatera Barat?
budaya,Rekomendasi tempat untuk melihat pameran seni di Sumatera Barat?
budaya,Apa saja tempat untuk melihat pertunjukan drama di Sumatera Barat?
budaya,Dimana saya bisa belajar tentang seni kerajinan logam di Sumatera Barat?
budaya,Apa saja tempat untuk belajar tentang seni tari di Sumatera Barat?
budaya,Rekomendasi tempat untuk melihat pameran fotografi di Sumatera Barat?
budaya,Apa saja kegiatan budaya yang bisa diikuti oleh anak-anak di Sumatera Barat?
budaya,Dimana saya bisa menemukan toko kerajinan di Sumatera Barat?
budaya,Apa saja tempat untuk melihat pertunjukan teater di Sumatera Barat?
budaya,Rekomendasi tempat untuk belajar tentang seni batik di Sumatera Barat?
budaya,Apa saja kegiatan budaya yang bisa diikuti oleh wisatawan di Sumatera Barat?
budaya,Dimana saya bisa belajar tentang seni musik tradisional di Sumatera Barat?
budaya,Apa saja tempat untuk melihat pameran seni rupa di Sumatera Barat?
budaya,Rekomendasi tempat untuk melihat pertunjukan seni kontemporer di Sumatera Barat?
budaya,Apa saja kegiatan budaya yang menarik di Sumatera Barat?
budaya,Dimana saya bisa belajar tentang seni kerajinan tangan di Sumatera Barat?
budaya,Apa saja tempat untuk melihat pertunjukan seni klasik di Sumatera Barat?
budaya,Rekomendasi tempat untuk melihat seni pertunjukan modern di Sumatera Barat?
paket,Apa saja paket wisata halal yang tersedia di Sumatera Barat?
paket,Bisakah Anda merekomendasikan paket wisata halal di Sumatera Barat?
paket,Ada saran paket wisata halal di Sumatera Barat?
paket,Paket wisata halal apa yang menarik di Sumatera Barat?
paket,Apa paket wisata terbaik untuk wisatawan muslim di Sumatera Barat?
paket,Rekomendasi paket wisata halal di Sumatera Barat?
paket,Paket wisata halal apa yang populer di Sumatera Barat?
paket,Ada rekomendasi paket wisata halal di Sumatera Barat?
paket,Apa paket wisata halal terbaik di Sumatera Barat?
paket,Mana saja paket wisata halal di Sumatera Barat?
paket,Apa paket wisata halal favorit di Sumatera Barat?
paket,Bisakah Anda menyarankan paket wisata halal di Sumatera Barat?
paket,Paket wisata halal yang bagus di Sumatera Barat apa saja?
paket,Apa saja paket wisata halal unggulan di Sumatera Barat?
paket,Ada rekomendasi paket wisata halal di Sumatera Barat?
paket,Paket wisata halal di Sumatera Barat yang terkenal apa saja?
paket,Paket wisata halal yang wajib dicoba di Sumatera Barat?
paket,Rekomendasi paket wisata halal di Sumatera Barat untuk keluarga?
paket,Apa paket wisata halal terpopuler di Sumatera Barat?
paket,Paket wisata halal apa yang terkenal di Sumatera Barat?
paket,Apa saja paket wisata halal di Sumatera Barat?
paket,Saran paket wisata halal di Sumatera Barat?
paket,Apa paket wisata halal favorit di Sumatera Barat?
paket,Paket wisata halal yang direkomendasikan di Sumatera Barat?
paket,Apa saja pilihan paket wisata halal di Sumatera Barat?
paket,Paket wisata halal di Sumatera Barat yang direkomendasikan?
paket,Ada paket wisata halal yang menarik di Sumatera Barat?
paket,Apa paket wisata halal terbaik di Sumatera Barat?
paket,Paket wisata halal mana yang harus dicoba di Sumatera Barat?
paket,Apa saja paket wisata halal di Sumatera Barat?
paket,Saran paket wisata halal di Sumatera Barat?
paket,Paket wisata halal favorit di Sumatera Barat apa saja?
paket,Apa saja paket wisata halal di Sumatera Barat yang direkomendasikan?
paket,Bisakah Anda memberikan rekomendasi paket wisata halal di Sumatera Barat?
paket,Paket wisata halal apa yang menarik di Sumatera Barat?
paket,Apa saja paket wisata halal di Sumatera Barat yang terkenal?
paket,Rekomendasi paket wisata halal di Sumatera Barat?
paket,Apa saja paket wisata halal di Sumatera Barat yang harus dicoba?
paket,Apa paket wisata halal terbaik di Sumatera Barat?
paket,Paket wisata halal apa yang menarik di Sumatera Barat?
paket,Apa saja paket wisata halal di Sumatera Barat yang terkenal?
paket,Rekomendasi paket wisata halal untuk keluarga di Sumatera Barat?
paket,Apa paket wisata halal terpopuler di Sumatera Barat?
paket,Paket wisata halal mana yang direkomendasikan di Sumatera Barat?
paket,Paket wisata halal apa yang disarankan di Sumatera Barat?
paket,Apa saja paket wisata halal favorit di Sumatera Barat?
paket,Paket wisata halal apa yang menarik untuk dicoba di Sumatera Barat?
paket,Ada rekomendasi paket wisata halal yang menarik di Sumatera Barat?
paket,Paket wisata halal apa yang harus dicoba di Sumatera Barat?
paket,Apa saja paket wisata halal favorit di Sumatera Barat?
paket,Apakah ada paket wisata halal di Sumatera Barat?
paket,Rekomendasi paket liburan keluarga di Sumatera Barat?
paket,Apa saja paket wisata yang tersedia di Sumatera Barat?
paket,Dimana saya bisa menemukan agen perjalanan di Sumatera Barat?
paket,Rekomendasi paket wisata kuliner di Sumatera Barat?
paket,Apa saja paket wisata alam di Sumatera Barat?
paket,Dimana saya bisa memesan paket tour di Sumatera Barat?
paket,Rekomendasi paket wisata budaya di Sumatera Barat?
paket,Apa saja paket wisata petualangan di Sumatera Barat?
paket,Dimana saya bisa menemukan paket wisata murah di Sumatera Barat?
paket,Rekomendasi paket honeymoon di Sumatera Barat?
paket,Apa saja paket wisata keluarga di Sumatera Barat?
paket,Dimana saya bisa menemukan paket wisata lengkap di Sumatera Barat?
paket,Rekomendasi paket wisata sejarah di Sumatera Barat?
paket,Apa saja paket wisata edukasi di Sumatera Barat?
paket,Dimana saya bisa memesan paket wisata ke pulau-pulau di Sumatera Barat?
paket,Rekomendasi paket wisata untuk kelompok di Sumatera Barat?
paket,Apa saja paket wisata ramah anak di Sumatera Barat?
paket,Dimana saya bisa menemukan paket wisata ke tempat bersejarah di Sumatera Barat?
paket,Rekomendasi paket wisata weekend di Sumatera Barat?
paket,Apa saja paket wisata seni di Sumatera Barat?
paket,Dimana saya bisa menemukan paket wisata snorkeling di Sumatera Barat?
paket,Rekomendasi paket wisata sehari di Sumatera Barat?
paket,Apa saja paket wisata fotografi di Sumatera Barat?
paket,Dimana saya bisa menemukan paket wisata adventure di Sumatera Barat?
paket,Rekomendasi paket wisata religi di Sumatera Barat?
paket,Apa saja paket wisata belanja di Sumatera Barat?
paket,Dimana saya bisa memesan paket wisata eco-tourism di Sumatera Barat?
paket,Rekomendasi paket wisata hiking di Sumatera Barat?
paket,Apa saja paket wisata mewah di Sumatera Barat?
paket,Dimana saya bisa menemukan paket wisata budaya di Sumatera Barat?
paket,Rekomendasi paket wisata untuk turis asing di Sumatera Barat?
paket,Apa saja paket wisata olahraga di Sumatera Barat?
paket,Dimana saya bisa memesan paket wisata di desa wisata di Sumatera Barat?
paket,Rekomendasi paket wisata menginap di Sumatera Barat?
paket,Apa saja paket wisata dengan guide di Sumatera Barat?
paket,Dimana saya bisa menemukan paket wisata ramah lingkungan di Sumatera Barat?
paket,Rekomendasi paket wisata bersama teman di Sumatera Barat?
paket,Apa saja paket wisata seni dan budaya di Sumatera Barat?
paket,Dimana saya bisa memesan paket wisata pulang-pergi di Sumatera Barat?
paket,Rekomendasi paket wisata yang seru di Sumatera Barat?
paket,Apa saja paket wisata air di Sumatera Barat?
paket,Dimana saya bisa menemukan paket wisata dengan transportasi di Sumatera Barat?
paket,Rekomendasi paket wisata private tour di Sumatera Barat?
paket,Apa saja paket wisata keluarga besar di Sumatera Barat?
paket,Dimana saya bisa memesan paket wisata festival di Sumatera Barat?
paket,Rekomendasi paket wisata dengan harga terjangkau di Sumatera Barat?
paket,Apa saja paket wisata tematik di Sumatera Barat?
paket,Dimana saya bisa menemukan paket wisata dengan aktivitas outdoor di Sumatera Barat?
paket,Rekomendasi paket wisata halal tour di Sumatera Barat?
aktivitas,Apa saja aktivitas halal yang bisa dilakukan di Sumatera Barat?
aktivitas,Bisakah Anda merekomendasikan kegiatan halal di Sumatera Barat?
aktivitas,Aktivitas halal apa yang menarik di Sumatera Barat?
aktivitas,Ada saran aktivitas halal di Sumatera Barat?
aktivitas,Kegiatan halal apa yang bisa dilakukan di Sumatera Barat?
aktivitas,Rekomendasi aktivitas halal di Sumatera Barat?
aktivitas,Aktivitas halal apa yang populer di Sumatera Barat?
aktivitas,Ada rekomendasi kegiatan halal di Sumatera Barat?
aktivitas,Apa aktivitas halal terbaik di Sumatera Barat?
aktivitas,Mana saja kegiatan halal di Sumatera Barat?
aktivitas,Apa aktivitas halal favorit di Sumatera Barat?
aktivitas,Bisakah Anda menyarankan aktivitas halal di Sumatera Barat?
aktivitas,Kegiatan halal yang menarik di Sumatera Barat apa saja?
aktivitas,Apa saja aktivitas halal unggulan di Sumatera Barat?
aktivitas,Ada rekomendasi aktivitas halal di Sumatera Barat?
aktivitas,Aktivitas halal di Sumatera Barat yang terkenal apa saja?
aktivitas,Kegiatan halal yang wajib dicoba di Sumatera Barat?
aktivitas,Rekomendasi aktivitas halal di Sumatera Barat untuk keluarga?
aktivitas,Apa aktivitas halal terpopuler di Sumatera Barat?
aktivitas,Kegiatan halal apa yang terkenal di Sumatera Barat?
aktivitas,Apa saja aktivitas halal di Sumatera Barat?
aktivitas,Saran aktivitas halal di Sumatera Barat?
aktivitas,Apa aktivitas halal favorit di Sumatera Barat?
aktivitas,Aktivitas halal yang direkomendasikan di Sumatera Barat?
aktivitas,Apa saja pilihan kegiatan halal di Sumatera Barat?
aktivitas,Aktivitas halal di Sumatera Barat yang direkomendasikan?
aktivitas,Ada kegiatan halal yang menarik di Sumatera Barat?
aktivitas,Apa aktivitas halal terbaik di Sumatera Barat?
aktivitas,Kegiatan halal mana yang harus dicoba di Sumatera Barat?
aktivitas,Apa saja aktivitas halal di Sumatera Barat?
aktivitas,Saran kegiatan halal di Sumatera Barat?
aktivitas,Aktivitas halal favorit di Sumatera Barat apa saja?
aktivitas,Apa saja kegiatan halal di Sumatera Barat yang direkomendasikan?
aktivitas,Bisakah Anda memberikan rekomendasi aktivitas halal di Sumatera Barat?
aktivitas,Aktivitas halal apa yang menarik di Sumatera Barat?
aktivitas,Apa saja kegiatan halal di Sumatera Barat yang terkenal?
aktivitas,Rekomendasi aktivitas halal di Sumatera Barat?
aktivitas,Apa saja kegiatan halal di Sumatera Barat yang harus dicoba?
aktivitas,Apa aktivitas halal terbaik di Sumatera Barat?
aktivitas,Aktivitas halal apa yang menarik di Sumatera Barat?
aktivitas,Apa saja kegiatan halal di Sumatera Barat yang terkenal?
aktivitas,Rekomendasi aktivitas halal untuk keluarga di Sumatera Barat?
aktivitas,Apa aktivitas halal terpopuler di Sumatera Barat?
aktivitas,Aktivitas halal mana yang direkomendasikan di Sumatera Barat?
aktivitas,Kegiatan halal apa yang disarankan di Sumatera Barat?
aktivitas,Apa saja aktivitas halal favorit di Sumatera Barat?
aktivitas,Aktivitas halal apa yang menarik untuk dicoba di Sumatera Barat?
aktivitas,Ada rekomendasi kegiatan halal yang menarik di Sumatera Barat?
aktivitas,Aktivitas halal apa yang harus dicoba di Sumatera Barat?
aktivitas,Apa saja aktivitas halal favorit di Sumatera Barat?
aktivitas,Apa saja aktivitas halal yang bisa dilakukan di Sumatera Barat?
aktivitas,Bisakah Anda merekomendasikan kegiatan halal di Sumatera Barat?
aktivitas,Aktivitas halal apa yang menarik di Sumatera Barat?
aktivitas,Ada saran aktivitas halal di Sumatera Barat?
aktivitas,Kegiatan halal apa yang bisa dilakukan di Sumatera Barat?
aktivitas,Rekomendasi aktivitas halal di Sumatera Barat?
aktivitas,Aktivitas halal apa yang populer di Sumatera Barat?
aktivitas,Ada rekomendasi kegiatan halal di Sumatera Barat?
aktivitas,Apa aktivitas halal terbaik di Sumatera Barat?
aktivitas,Mana saja kegiatan halal di Sumatera Barat?
aktivitas,Apa aktivitas halal favorit di Sumatera Barat?
aktivitas,Bisakah Anda menyarankan aktivitas halal di Sumatera Barat?
aktivitas,Kegiatan halal yang menarik di Sumatera Barat apa saja?
aktivitas,Apa saja aktivitas halal unggulan di Sumatera Barat?
aktivitas,Ada rekomendasi aktivitas halal di Sumatera Barat?
aktivitas,Aktivitas halal di Sumatera Barat yang terkenal apa saja?
aktivitas,Kegiatan halal yang wajib dicoba di Sumatera Barat?
aktivitas,Rekomendasi aktivitas halal di Sumatera Barat untuk keluarga?
aktivitas,Apa aktivitas halal terpopuler di Sumatera Barat?
aktivitas,Kegiatan halal apa yang terkenal di Sumatera Barat?
aktivitas,Apa saja aktivitas halal di Sumatera Barat?
aktivitas,Saran aktivitas halal di Sumatera Barat?
aktivitas,Apa aktivitas halal favorit di Sumatera Barat?
aktivitas,Aktivitas halal yang direkomendasikan di Sumatera Barat?
aktivitas,Apa saja pilihan kegiatan halal di Sumatera Barat?
aktivitas,Aktivitas halal di Sumatera Barat yang direkomendasikan?
aktivitas,Ada kegiatan halal yang menarik di Sumatera Barat?
aktivitas,Apa aktivitas halal terbaik di Sumatera Barat?
aktivitas,Kegiatan halal mana yang harus dicoba di Sumatera Barat?
aktivitas,Apa saja aktivitas halal di Sumatera Barat?
aktivitas,Saran kegiatan halal di Sumatera Barat?
aktivitas,Aktivitas halal favorit di Sumatera Barat apa saja?
aktivitas,Apa saja kegiatan halal di Sumatera Barat?
aktivitas,Rekomendasi kegiatan halal di Sumatera Barat?
aktivitas,Aktivitas halal apa yang bisa dilakukan di Sumatera Barat?
aktivitas,Mana saja tempat untuk aktivitas halal di Sumatera Barat?
aktivitas,Apa saja tempat wisata dengan aktivitas halal di Sumatera Barat?
aktivitas,Kegiatan halal apa saja yang bisa dinikmati di Sumatera Barat?
aktivitas,Rekomendasi aktivitas halal yang unik di Sumatera Barat?
aktivitas,Apa saja aktivitas halal yang terkenal di Sumatera Barat?
aktivitas,Bisakah Anda memberikan contoh kegiatan halal di Sumatera Barat?
aktivitas,Apa saja atraksi halal di Sumatera Barat?
aktivitas,Aktivitas halal yang bisa dinikmati bersama keluarga di Sumatera Barat?
aktivitas,Kegiatan halal apa yang cocok untuk anak-anak di Sumatera Barat?
aktivitas,Apa saja aktivitas halal yang wajib dicoba di Sumatera Barat?
aktivitas,Saran untuk aktivitas halal di Sumatera Barat?
aktivitas,Aktivitas halal apa yang seru di Sumatera Barat?
aktivitas,Apa saja kegiatan halal untuk wisatawan di Sumatera Barat?
aktivitas,Apa saja aktivitas halal yang bisa dinikmati di alam terbuka di Sumatera Barat?
aktivitas,Rekomendasi kegiatan halal yang bisa dinikmati di Sumatera Barat?
belanja,Dimana saya bisa membeli oleh-oleh halal di Sumatera Barat?
belanja,"Apa saja pusat perbelanjaan di Padang, Sumatera Barat?"
belanja,Dimana tempat terbaik untuk membeli oleh-oleh khas Sumatera Barat?
belanja,Apakah ada mall besar di Sumatera Barat?
belanja,Dimana saya bisa menemukan toko oleh-oleh di Bukittinggi?
belanja,Apa pusat perbelanjaan yang terkenal di Padang?
belanja,Dimana saya bisa membeli souvenir di Sumatera Barat?
belanja,Apa saja pasar tradisional yang ada di Sumatera Barat?
belanja,Dimana saya bisa membeli kerajinan tangan lokal di Sumatera Barat?
belanja,Apa pusat perbelanjaan yang paling populer di Sumatera Barat?
belanja,Dimana saya bisa menemukan pasar malam di Sumatera Barat?
belanja,Apa saja toko oleh-oleh di Padang?
belanja,Dimana saya bisa membeli kain tenun khas Sumatera Barat?
belanja,Apa pusat perbelanjaan yang modern di Sumatera Barat?
belanja,Dimana saya bisa membeli pakaian adat Minangkabau?
belanja,Apa saja tempat belanja murah di Sumatera Barat?
belanja,Dimana saya bisa membeli makanan khas Sumatera Barat?
belanja,Apa toko kerajinan yang terkenal di Sumatera Barat?
belanja,Dimana saya bisa menemukan pusat oleh-oleh di Pariaman?
belanja,Apa saja pusat perbelanjaan yang wajib dikunjungi di Sumatera Barat?
belanja,Dimana saya bisa membeli tas dan sepatu buatan lokal di Sumatera Barat?
belanja,Apa pasar tradisional terbesar di Sumatera Barat?
belanja,Dimana saya bisa membeli barang antik di Sumatera Barat?
belanja,Apa saja pusat perbelanjaan di Solok?
belanja,Dimana saya bisa membeli oleh-oleh halal di Padang?
belanja,Apa saja toko oleh-oleh di Bukittinggi?
belanja,Dimana saya bisa membeli pakaian adat Sumatera Barat?
belanja,Apa pusat perbelanjaan yang terkenal di Bukittinggi?
belanja,Dimana saya bisa membeli souvenir khas Sumatera Barat?
belanja,Apa saja pasar yang menarik di Sumatera Barat?
belanja,Dimana saya bisa membeli perhiasan khas Sumatera Barat?
belanja,Apa toko oleh-oleh yang terkenal di Pariaman?
belanja,Dimana saya bisa menemukan pusat oleh-oleh di Solok?
belanja,Apa saja pusat perbelanjaan yang terkenal di Padang?
belanja,Dimana saya bisa membeli kerajinan perak di Sumatera Barat?
belanja,Apa pasar tradisional yang terkenal di Bukittinggi?
belanja,Dimana saya bisa membeli makanan ringan khas Sumatera Barat?
belanja,Apa saja pusat perbelanjaan di Pariaman?
belanja,Dimana saya bisa menemukan pasar grosir di Sumatera Barat?
belanja,Apa toko oleh-oleh yang terkenal di Solok?
belanja,Dimana saya bisa membeli oleh-oleh khas Minangkabau?
belanja,Apa saja pusat perbelanjaan di Bukittinggi?
belanja,Dimana saya bisa membeli kain songket di Sumatera Barat?
belanja,Apa pasar tradisional yang terkenal di Solok?
belanja,Dimana saya bisa membeli souvenir khas Padang?
belanja,Apa pusat perbelanjaan terbesar di Sumatera Barat?
belanja,Dimana saya bisa membeli kerajinan tangan di Pariaman?
belanja,Apa saja pusat perbelanjaan di Padang?
belanja,Dimana saya bisa menemukan toko oleh-oleh di Solok?
belanja,Apa pasar tradisional yang terkenal di Pariaman?
belanja,Dimana saya bisa membeli oleh-oleh khas Pariaman?
belanja,Apa pusat perbelanjaan yang terkenal di Solok?
belanja,Dimana saya bisa membeli kerajinan khas Padang?
belanja,Apa saja pusat perbelanjaan di Sumatera Barat?
belanja,Dimana saya bisa membeli makanan ringan khas Padang?
belanja,Apa pasar tradisional terbesar di Pariaman?
belanja,Dimana saya bisa menemukan toko oleh-oleh di Bukittinggi?
belanja,Apa pusat perbelanjaan yang terkenal di Padang?
belanja,Dimana saya bisa membeli souvenir khas Pariaman?
belanja,Apa saja pasar yang terkenal di Sumatera Barat?
belanja,Dimana saya bisa membeli oleh-oleh halal di Bukittinggi?
belanja,Apa pusat perbelanjaan terbesar di Padang?
belanja,Dimana saya bisa membeli kerajinan tangan di Solok?
belanja,Apa pasar tradisional yang terkenal di Padang?
belanja,Dimana saya bisa membeli makanan ringan khas Bukittinggi?
belanja,Apa saja pusat perbelanjaan di Sumatera Barat?
belanja,Dimana saya bisa menemukan toko oleh-oleh di Pariaman?
belanja,Apa pusat perbelanjaan yang terkenal di Sumatera Barat?
belanja,Dimana saya bisa membeli souvenir khas Bukittinggi?
belanja,Apa saja pasar tradisional di Sumatera Barat?
belanja,Dimana saya bisa membeli oleh-oleh halal di Solok?
belanja,Apa pusat perbelanjaan terbesar di Bukittinggi?
belanja,Dimana saya bisa membeli kerajinan tangan di Padang?
belanja,Apa pasar tradisional yang terkenal di Sumatera Barat?
belanja,Dimana saya bisa membeli makanan ringan khas Pariaman?
belanja,Apa saja pusat perbelanjaan di Sumatera Barat?
belanja,Dimana saya bisa menemukan toko oleh-oleh di Padang?
belanja,Apa pusat perbelanjaan yang terkenal di Bukittinggi?
belanja,Dimana saya bisa membeli souvenir khas Solok?
belanja,Apa saja pasar tradisional di Padang?
belanja,Dimana saya bisa membeli oleh-oleh halal di Pariaman?
belanja,Apa pusat perbelanjaan terbesar di Solok?
belanja,Dimana saya bisa membeli kerajinan tangan di Bukittinggi?
belanja,Apa pasar tradisional yang terkenal di Bukittinggi?
belanja,Dimana saya bisa membeli makanan ringan khas Solok?
belanja,Apa saja pusat perbelanjaan di Sumatera Barat?
belanja,Dimana saya bisa menemukan toko oleh-oleh di Padang?
belanja,Apa pusat perbelanjaan yang terkenal di Solok?
belanja,Dimana saya bisa membeli souvenir khas Pariaman?
belanja,Apa saja pasar tradisional di Bukittinggi?
belanja,Dimana saya bisa membeli oleh-oleh halal di Sumatera Barat?
belanja,Apa pusat perbelanjaan terbesar di Padang?
belanja,Dimana saya bisa membeli kerajinan tangan di Sumatera Barat?
belanja,Apa pasar tradisional yang terkenal di Sumatera Barat?
belanja,Dimana saya bisa membeli makanan ringan khas Sumatera Barat?
belanja,Apa saja pusat perbelanjaan di Sumatera Barat?
belanja,Dimana saya bisa menemukan toko oleh-oleh di Bukittinggi?
belanja,Apa pusat perbelanjaan yang terkenal di Sumatera Barat?
belanja,Dimana saya bisa membeli souvenir khas Sumatera Barat?
belanja,Apa saja pasar tradisional di Sumatera Barat?
